{
  "i_r1": 0.42650103519668736,
  "i_r5": 0.7508626639061422,
  "i_r10": 0.8674948240165632,
  "i_medr": 2.0,
  "i_meanr": 5.763975155279503,
  "t_r1": 0.40993788819875776,
  "t_r5": 0.7273982056590752,
  "t_r10": 0.841959972394755,
  "t_medr": 2.0,
  "t_meanr": 6.46583850931677
}