{
  "i_r1": 0.41545893719806765,
  "i_r5": 0.7370600414078675,
  "i_r10": 0.8516218081435473,
  "i_medr": 2.0,
  "i_meanr": 6.330572808833678,
  "t_r1": 0.39061421670117324,
  "t_r5": 0.7066942719116632,
  "t_r10": 0.8226363008971704,
  "t_medr": 2.0,
  "t_meanr": 7.064182194616977
}