{
  "i_r1": 0.295376121463078,
  "i_r5": 0.6073153899240856,
  "i_r10": 0.7598343685300207,
  "i_medr": 4.0,
  "i_meanr": 9.986197377501725,
  "t_r1": 0.30296756383712903,
  "t_r5": 0.6128364389233955,
  "t_r10": 0.7501725327812284,
  "t_medr": 3.0,
  "t_meanr": 10.043478260869565
}