{
  "i_r1": 0.25189786059351277,
  "i_r5": 0.5472739820565907,
  "i_r10": 0.6915113871635611,
  "i_medr": 4.0,
  "i_meanr": 12.761904761904763,
  "t_r1": 0.25189786059351277,
  "t_r5": 0.5534851621808143,
  "t_r10": 0.7094547964113181,
  "t_medr": 4.0,
  "t_meanr": 12.203588681849551
}