{
  "i_r1": 0.5900621118012422,
  "i_r5": 0.8530020703933747,
  "i_r10": 0.9282263630089717,
  "i_medr": 1.0,
  "i_meanr": 3.2857142857142856,
  "t_r1": 0.5486542443064182,
  "t_r5": 0.8281573498964804,
  "t_r10": 0.9006211180124224,
  "t_medr": 1.0,
  "t_meanr": 4.7895100069013115
}