{
  "i_r1": 0.012422360248447204,
  "i_r5": 0.06349206349206349,
  "i_r10": 0.11939268461007592,
  "i_medr": 84.0,
  "i_meanr": 182.8750862663906,
  "t_r1": 0.014492753623188406,
  "t_r5": 0.07039337474120083,
  "t_r10": 0.10973084886128365,
  "t_medr": 91.0,
  "t_meanr": 193.0055210489993
}