{
  "i_r1": 0.011042097998619738,
  "i_r5": 0.06142167011732229,
  "i_r10": 0.1131815044858523,
  "i_medr": 91.0,
  "i_meanr": 194.44099378881987,
  "t_r1": 0.012422360248447204,
  "t_r5": 0.06418219461697723,
  "t_r10": 0.1069703243616287,
  "t_medr": 96.0,
  "t_meanr": 204.74603174603175
}