{
  "i_r1": 0.006901311249137336,
  "i_r5": 0.04416839199447895,
  "i_r10": 0.0821256038647343,
  "i_medr": 123.0,
  "i_meanr": 235.59627329192546,
  "t_r1": 0.011732229123533472,
  "t_r5": 0.049689440993788817,
  "t_r10": 0.08764665286404417,
  "t_medr": 126.0,
  "t_meanr": 243.80331262939958
}