{
  "i_r1": 0.0,
  "i_r5": 0.00759144237405107,
  "i_r10": 0.015873015873015872,
  "i_medr": 394.0,
  "i_meanr": 486.96894409937886,
  "t_r1": 0.0013802622498274672,
  "t_r5": 0.013112491373360938,
  "t_r10": 0.02139406487232574,
  "t_medr": 381.0,
  "t_meanr": 477.47481021394066
}