{
  "i_r1": 0.04416839199447895,
  "i_r5": 0.14630779848171152,
  "i_r10": 0.24361628709454797,
  "i_medr": 29.0,
  "i_meanr": 66.21256038647343,
  "t_r1": 0.04485852311939269,
  "t_r5": 0.1725327812284334,
  "t_r10": 0.27605244996549344,
  "t_medr": 31.0,
  "t_meanr": 66.34989648033127
}