{
  "i_r1": 0.09109730848861283,
  "i_r5": 0.3222912353347136,
  "i_r10": 0.4561766735679779,
  "i_medr": 12.0,
  "i_meanr": 31.252587991718425,
  "t_r1": 0.1069703243616287,
  "t_r5": 0.3112491373360939,
  "t_r10": 0.44858523119392685,
  "t_medr": 13.0,
  "t_meanr": 31.489302967563837
}