{
  "i_r1": 0.16494133885438234,
  "i_r5": 0.44582470669427193,
  "i_r10": 0.611456176673568,
  "i_medr": 7.0,
  "i_meanr": 19.312629399585923,
  "t_r1": 0.1621808143547274,
  "t_r5": 0.4271911663216011,
  "t_r10": 0.5693581780538303,
  "t_medr": 8.0,
  "t_meanr": 20.07384403036577
}