{
  "i_r1": 0.43202208419599725,
  "i_r5": 0.7536231884057971,
  "i_r10": 0.8605935127674258,
  "i_medr": 2.0,
  "i_meanr": 6.2691511387163565,
  "t_r1": 0.4051069703243616,
  "t_r5": 0.714975845410628,
  "t_r10": 0.8274672187715666,
  "t_medr": 2.0,
  "t_meanr": 6.8812974465148375
}