{
  "i_r1": 0.39337474120082816,
  "i_r5": 0.7191166321601105,
  "i_r10": 0.8398895790200138,
  "i_medr": 2.0,
  "i_meanr": 6.687370600414079,
  "t_r1": 0.3864734299516908,
  "t_r5": 0.6901311249137336,
  "t_r10": 0.8150448585231194,
  "t_medr": 2.0,
  "t_meanr": 7.670117322291236
}