{
  "i_r1": 0.35196687370600416,
  "i_r5": 0.665976535541753,
  "i_r10": 0.8046928916494134,
  "i_medr": 3.0,
  "i_meanr": 8.229813664596273,
  "t_r1": 0.3360938578329883,
  "t_r5": 0.6597653554175293,
  "t_r10": 0.7832988267770876,
  "t_medr": 3.0,
  "t_meanr": 8.845410628019323
}