{
  "i_r1": 0.33954451345755693,
  "i_r5": 0.6804692891649413,
  "i_r10": 0.7888198757763976,
  "i_medr": 3.0,
  "i_meanr": 8.638371290545203,
  "t_r1": 0.32712215320910976,
  "t_r5": 0.6583850931677019,
  "t_r10": 0.7805383022774327,
  "t_medr": 3.0,
  "t_meanr": 8.697722567287784
}