{
  "i_r1": 0.14423740510697033,
  "i_r5": 0.3802622498274672,
  "i_r10": 0.5424430641821946,
  "i_medr": 9.0,
  "i_meanr": 24.462387853692203,
  "t_r1": 0.14078674948240166,
  "t_r5": 0.37888198757763975,
  "t_r10": 0.5058661145617668,
  "t_medr": 10.0,
  "t_meanr": 22.979986197377503
}