{
  "i_r1": 0.15873015873015872,
  "i_r5": 0.4271911663216011,
  "i_r10": 0.590752242926156,
  "i_medr": 7.0,
  "i_meanr": 20.77225672877847,
  "t_r1": 0.15665976535541754,
  "t_r5": 0.4161490683229814,
  "t_r10": 0.556935817805383,
  "t_medr": 8.0,
  "t_meanr": 21.302277432712216
}