{
  "i_r1": 0.5817805383022774,
  "i_r5": 0.8474810213940649,
  "i_r10": 0.9296066252587992,
  "i_medr": 1.0,
  "i_meanr": 3.3561076604554865,
  "t_r1": 0.5424430641821946,
  "t_r5": 0.8233264320220842,
  "t_r10": 0.8957902001380262,
  "t_medr": 1.0,
  "t_meanr": 4.916494133885438
}