{
  "i_r1": 0.5955831608005521,
  "i_r5": 0.8530020703933747,
  "i_r10": 0.9296066252587992,
  "i_medr": 1.0,
  "i_meanr": 3.2394755003450655,
  "t_r1": 0.5486542443064182,
  "t_r5": 0.8295376121463078,
  "t_r10": 0.9013112491373361,
  "t_medr": 1.0,
  "t_meanr": 4.754313319530711
}