{
  "i_r1": 0.5969634230503795,
  "i_r5": 0.8516218081435473,
  "i_r10": 0.9282263630089717,
  "i_medr": 1.0,
  "i_meanr": 3.2581090407177364,
  "t_r1": 0.5486542443064182,
  "t_r5": 0.8302277432712215,
  "t_r10": 0.8985507246376812,
  "t_medr": 1.0,
  "t_meanr": 4.745341614906833
}