{
  "i_r1": 0.5914423740510697,
  "i_r5": 0.8509316770186336,
  "i_r10": 0.9296066252587992,
  "i_medr": 1.0,
  "i_meanr": 3.2788129744651484,
  "t_r1": 0.5486542443064182,
  "t_r5": 0.8295376121463078,
  "t_r10": 0.8992408557625949,
  "t_medr": 1.0,
  "t_meanr": 4.7895100069013115
}