{
  "i_r1": 0.5396825396825397,
  "i_r5": 0.8053830227743272,
  "i_r10": 0.9061421670117322,
  "i_medr": 1.0,
  "i_meanr": 4.075224292615597,
  "t_r1": 0.5272601794340924,
  "t_r5": 0.810904071773637,
  "t_r10": 0.8902691511387164,
  "t_medr": 1.0,
  "t_meanr": 5.208419599723948
}