{
  "i_r1": 0.3533471359558316,
  "i_r5": 0.673567977915804,
  "i_r10": 0.8157349896480331,
  "i_medr": 3.0,
  "i_meanr": 8.004830917874397,
  "t_r1": 0.35403726708074534,
  "t_r5": 0.6728778467908902,
  "t_r10": 0.7984817115251898,
  "t_medr": 3.0,
  "t_meanr": 7.997239475500345
}