{
  "i_r1": 0.0013802622498274672,
  "i_r5": 0.011732229123533472,
  "i_r10": 0.03450655624568668,
  "i_medr": 259.0,
  "i_meanr": 381.58937198067633,
  "t_r1": 0.002070393374741201,
  "t_r5": 0.020013802622498276,
  "t_r10": 0.037267080745341616,
  "t_medr": 254.0,
  "t_meanr": 378.8888888888889
}