{
  "i_r1": 0.0,
  "i_r5": 0.006901311249137336,
  "i_r10": 0.01518288474810214,
  "i_medr": 418.0,
  "i_meanr": 505.18840579710144,
  "t_r1": 0.0013802622498274672,
  "t_r5": 0.011732229123533472,
  "t_r10": 0.020013802622498276,
  "t_medr": 403.0,
  "t_meanr": 494.47550034506554
}