{
  "i_r1": 0.003450655624568668,
  "i_r5": 0.020013802622498276,
  "i_r10": 0.04071773636991028,
  "i_medr": 215.0,
  "i_meanr": 344.17874396135267,
  "t_r1": 0.006211180124223602,
  "t_r5": 0.024154589371980676,
  "t_r10": 0.045548654244306416,
  "t_medr": 212.0,
  "t_meanr": 344.6742581090407
}