{
  "i_r1": 0.4251207729468599,
  "i_r5": 0.7536231884057971,
  "i_r10": 0.8633540372670807,
  "i_medr": 2.0,
  "i_meanr": 5.849551414768806,
  "t_r1": 0.4113181504485852,
  "t_r5": 0.7308488612836439,
  "t_r10": 0.8467908902691511,
  "t_medr": 2.0,
  "t_meanr": 6.35127674258109
}