{
  "i_r1": 0.24982746721877155,
  "i_r5": 0.5624568668046929,
  "i_r10": 0.6963423050379572,
  "i_medr": 4.0,
  "i_meanr": 13.429261559696343,
  "t_r1": 0.27881297446514836,
  "t_r5": 0.583160800552105,
  "t_r10": 0.722567287784679,
  "t_medr": 4.0,
  "t_meanr": 11.474120082815736
}