{
  "i_r1": 0.3105590062111801,
  "i_r5": 0.6238785369220152,
  "i_r10": 0.766735679779158,
  "i_medr": 3.0,
  "i_meanr": 10.129744651483781,
  "t_r1": 0.30917874396135264,
  "t_r5": 0.6390614216701174,
  "t_r10": 0.7681159420289855,
  "t_medr": 3.0,
  "t_meanr": 9.409247757073844
}