{
  "i_r1": 0.5852311939268461,
  "i_r5": 0.8481711525189786,
  "i_r10": 0.9296066252587992,
  "i_medr": 1.0,
  "i_meanr": 3.3740510697032438,
  "t_r1": 0.5417529330572809,
  "t_r5": 0.8233264320220842,
  "t_r10": 0.8964803312629399,
  "t_medr": 1.0,
  "t_meanr": 4.9227053140096615
}