{
  "i_r1": 0.3140096618357488,
  "i_r5": 0.6224982746721878,
  "i_r10": 0.7653554175293306,
  "i_medr": 3.0,
  "i_meanr": 10.10697032436163,
  "t_r1": 0.3112491373360939,
  "t_r5": 0.6404416839199448,
  "t_r10": 0.7784679089026915,
  "t_medr": 3.0,
  "t_meanr": 8.565217391304348
}