{
  "i_r1": 0.3968253968253968,
  "i_r5": 0.7156659765355418,
  "i_r10": 0.8426501035196687,
  "i_medr": 2.0,
  "i_meanr": 6.820565907522429,
  "t_r1": 0.38233264320220844,
  "t_r5": 0.714975845410628,
  "t_r10": 0.8398895790200138,
  "t_medr": 2.0,
  "t_meanr": 6.946169772256729
}