{
  "i_r1": 0.36507936507936506,
  "i_r5": 0.6728778467908902,
  "i_r10": 0.8026224982746721,
  "i_medr": 3.0,
  "i_meanr": 8.543133195307108,
  "t_r1": 0.33471359558316083,
  "t_r5": 0.660455486542443,
  "t_r10": 0.7977915804002761,
  "t_medr": 3.0,
  "t_meanr": 8.239475500345065
}