{
  "i_r1": 0.3671497584541063,
  "i_r5": 0.6825396825396826,
  "i_r10": 0.8053830227743272,
  "i_medr": 2.0,
  "i_meanr": 9.054520358868185,
  "t_r1": 0.3492063492063492,
  "t_r5": 0.6701173222912353,
  "t_r10": 0.8081435472739821,
  "t_medr": 3.0,
  "t_meanr": 8.029675638371291
}