{
  "i_r1": 0.40096618357487923,
  "i_r5": 0.7087646652864045,
  "i_r10": 0.8405797101449275,
  "i_medr": 2.0,
  "i_meanr": 6.977225672877847,
  "t_r1": 0.37060041407867494,
  "t_r5": 0.6873706004140787,
  "t_r10": 0.8171152518978606,
  "t_medr": 2.0,
  "t_meanr": 7.454106280193237
}