{
  "i_r1": 0.41338854382332646,
  "i_r5": 0.7308488612836439,
  "i_r10": 0.8454106280193237,
  "i_medr": 2.0,
  "i_meanr": 6.5058661145617664,
  "t_r1": 0.38509316770186336,
  "t_r5": 0.722567287784679,
  "t_r10": 0.8371290545203589,
  "t_medr": 2.0,
  "t_meanr": 6.857142857142857
}