{
  "i_r1": 0.35955831608005523,
  "i_r5": 0.6818495514147688,
  "i_r10": 0.8219461697722568,
  "i_medr": 3.0,
  "i_meanr": 7.649413388543823,
  "t_r1": 0.3533471359558316,
  "t_r5": 0.6804692891649413,
  "t_r10": 0.8122843340234644,
  "t_medr": 3.0,
  "t_meanr": 7.697032436162871
}