{
  "i_r1": 0.0027605244996549345,
  "i_r5": 0.022084195997239476,
  "i_r10": 0.043478260869565216,
  "i_medr": 201.0,
  "i_meanr": 324.24361628709454,
  "t_r1": 0.006211180124223602,
  "t_r5": 0.024844720496894408,
  "t_r10": 0.05244996549344375,
  "t_medr": 194.0,
  "t_meanr": 326.4133885438233
}