{
  "i_r1": 0.4209799861973775,
  "i_r5": 0.7556935817805382,
  "i_r10": 0.8578329882677709,
  "i_medr": 2.0,
  "i_meanr": 6.318150448585231,
  "t_r1": 0.39751552795031053,
  "t_r5": 0.7060041407867494,
  "t_r10": 0.8191856452726018,
  "t_medr": 2.0,
  "t_meanr": 7.042788129744651
}