{
  "i_r1": 0.43754313319530713,
  "i_r5": 0.7446514837819186,
  "i_r10": 0.8599033816425121,
  "i_medr": 2.0,
  "i_meanr": 6.442374051069703,
  "t_r1": 0.4078674948240166,
  "t_r5": 0.7108350586611456,
  "t_r10": 0.8267770876466529,
  "t_medr": 2.0,
  "t_meanr": 6.995859213250518
}